titulo	canal	ytid
Wait A Minute / Praying For A Jeepbeat (Smokers Delight)	Nightmares On Wax	fL9s3jgo7Pg
King Tubby & The Aggrovators - Dub Fi Gwan	OldDubDomain	qu3RXnGFQa8
Seven Stitches - Kid Ma Wrong Wrong	Wabangi Video	_qZtTu3chcQ
Sonia - Easier To Love	mrzekopeko	SsWOb131gxo
The Pyramids - John Chewey	MaTiZ	2nmK-5HVYt4
Akwaboa's International Band - Yoyeo Ala Sakiki	Radio Orlog	HB2q6Ei7nvk
Dennis Walks - The Drifter (Official Audio)	Reggae2Reggae	5nxBBcy50NU
Love Ballad & Dub - Freddie McGregor feat. Soul Syndicate	dsr9221j	CGpmprG_8kU
Richard Akingbehin @ Kiosk Radio 11.09.2026	Kiosk Radio	SUiguFIGJ9g
Pala10 @ Kiosk Radio 09.09.2026	Kiosk Radio	55OzKU2bQqE
Dub Simulation	Ghost Dubs - Topic	IHmwbwSxzoo
Sub Sahara (feat. Miniman)	Dub Harp - Topic	_AFVaHb25Ys
Back Against The Wall	Linval Thompson - Topic	q-DKf2rNu7o
IRATION STEPPAS - ANGELIC SYMPHONY DUB	Dubquake Records	PM3zCwo-2b0
Boom Back - Road Block	Manu Disco	m0PjJISHM3k
NAZAMBA, LINVAL THOMPSON & O.B.F - CURFEW DROP	Dubquake Records	k8M1pxyhfE0
livwutang @ Kiosk Radio 22.08.2026	Kiosk Radio	Ovhi_uBSZu0
Patra - Queen Of The Pack	PatraVEVO	Zxnlhy8c_ys
Pala10 @ Kiosk Radio 10.12.2025	Kiosk Radio	SaU6nOeh4dk
Elisethere & Pala10 @ Kiosk Radio 24.08.2026	Kiosk Radio	vQYfAqjn7TI
A Consciencia E a Morada	Majestade Interior - Topic	t0Z4lnt3VdY
02 Touch Me 2 | Budgie	Eric Selects	5VvAHjxpc_w
1996	Natiruts	o5WlNUYh1ag
Red Wood Forest (feat. Roaring Bass)	Dub Harp - Topic	qt5-XvXgNDs
Chase & Status, Bou - Baddadan ft. IRAH, Flowdan, Trigga, Takura	Chase & Status	rkjNL4dX-U4
Live with FASIMBAS DUB ROOTS VANGUARD SOUND	FASIMBAS AFRIKAN VANGUARD	9_bdRkKkKUU
Night Nurse	Gregory Isaacs - Topic	k7A6Ugs0NFw
Burial	Peter Tosh	zLBVfatI8IM
Soul Captives (feat. Bob Marley & Peter Tosh)	The Wailers	ymR-KmnOge0
Dub Those Crazy Baldheads	Mad Professor - Topic	wrDTB846JDU
Satan Control Them	Don Carlos - Topic	fbrL68BulpY
Do You Know?	Majical - Topic	d2MjyFkKJxE
Haile Selassie Dub	Majical - Topic	wg3wEP2i7y0
Jah Name Dub	UOMORADIO - Topic	0niy4vkM1xY
O.B.F - DUBQUAKE 2016 (OFFICIAL VIDEO)	O.B.F SOUND SYSTEM	zXSSLVCPrQ0
40 Jackpot Dub (Full Album)	Reggae2Reggae	ikcBe2zsB8k
Thank You	Flowrian - Topic	LQiDU2rWNHw
Jackie Mittoo & Friends - THE HEAVIEST CUTS - DJ Mix	Mista Savona	ufTZx9p6L6Y
BLUR w/ Kia @ Kiosk Radio 14.06.2026	Kiosk Radio	FN8if2nj7cw
Roots Massive pt.7 (70's & early 80's Roots Reggae)	Rootswise	ICP68Nl1XTg
Smile Davis - Roots The Jewels (Instrumental 2020)	Mugatins Noise	g8qdgXVgxdk
Flip Ya Lid	Nightmares On Wax	HYv6SG9iKnw
Nightmares On Wax x Adrian Sherwood - Flippin' Eck	Nightmares On Wax	-mWyH6Z2t0k
NOW x Adrian Sherwood - In a Space Outta Dub (Full Album)	Nightmares On Wax	oRIgjKn2v9s
Tali Echo | Boiler Room Johannesburg: Kebra Ethiopia	Boiler Room	W_m4tNw8FnA
Stir It Up	Bob Marley	e5O0m902fCI
Jungle	Lee Scratch Perry - Topic	-VeiqcjKC1U
Bailey - Shaka (Double O Remix) (2025)	moket123	BCeVfYfeJDU
Alpha & Omega - Tree Of Life (1996)	Kosmik Dstroyer	GtK2Ee-aFS0
Jah Wobble's Invaders of the Heart - Rising Above Bedlam (1991)	Kosmik Dstroyer	kVNYc2Qj4Pw
HERBSMAN SOUND SYSTEM - Session 20 All Vinyl Set	Herbsman Sound System	CVwpTVY_Uio
Roots Rock Reggae Vinyl Mix with Keith Lawrence	Kingsland Records	hDNwDq4zlPE
Richard Dorfmeister - A Different Drummer Selection (Dub) 2003	Kosmik Dstroyer	dw40GIFUo78
The Promise Land	Dennis Brown - Topic	8gXhDRTtogE
When they see us (The sea & Skitz Mix)	Ella CR - Topic	ohrIBpvVQEg
Thievery Corporation - Amerimacka	mkbf86	OCD99jMMuh0
your moms favorite ambient jungle set	crash	tY20PdjjDlw
Jah Shaka Tribute Mix | mixed live on vinyl by Vital Sound	Vital Sound	jYjqcxs0r5U
Everybody Needs Somebody	Salvatore Ganacci	i0a_byXMLqU
Andrew Weatherall - Music's Not For Everyone Dub Special 2017	The AoE	QWlQpN9msno
Encore Dub w/ O.B.F @ Kiosk Radio 28.02.2026	Kiosk Radio	a9WlhQtiG7o
Smile	Rhythm & Sound - Topic	o0knTCaPszs
Rhythm & Sound - Aground (HQ Vinyl)	Boas	19FhGMEJOs4
Rhythm & Sound - Aerial (HQ Vinyl)	Boas	2BlLn72TjNM
Carlton Coffie - Chant Away	Mystic Revelation	RKGZDZeGZT4
Chain Reaction Mix	Little Dash	LfrRQ_e89rU
Hallucinator - Frontier	reshapingchannel	9R_uQicSaDw
Universal I	Jah Gumby - Topic	Yu2P4DdNCsU
Humility	Jah Gumby - Topic	Dt7dFPRytvc
Original	Jah Gumby - Topic	qUVsSvBi6lE
Foundational Feeling	Jah Gumby - Topic	ZYNsHKwCXto
Stephen Wright - Vision Of Jah	Mystic Revelation	2PXM1xhfD-c
Freddie McKay - Teardrops	Crucial Brew	gsdOUibcun0
King in My Empire	Rhythm & Sound - Topic	vQlvqQd_mcc
The Mighty Abijans - Untamed	Mystic Revelation	IjvibKpos4U
Augustus Pablo live J Splash 1986	upsettle	0F9Uw9zcwHM
Kebra Ethiopia Sound System | Boiler Room Johannesburg	Boiler Room	OX5HS4cLvmA
TROJAN - Complete Trojan Dub Box Set - Full Album	Roots and Dub Attic	Oa_eduqWWw8
Ronnie Lion - Central Village	Sound Station Strategy	WAOwkhVZgc8
DJ Vadim - Trojan Records Spesh'al	DJ Vadim	U-p_ehq8iXE
This Is Trojan Reggae Rocksteady Skinhead Reggae Mix	Selecta Waynazz	oNdNioLRsl4
Desmond Dekker & The Aces - Israelites (Official Audio)	Trojan Records Official	mxtfdH3-TQ4
Watamu Beach (Rework)	Moritz von Oswald - Topic	XO-CslVl32c
cv313 - Beyond Starlit Sky	Critical Ears	nzQ_e9kVQDI
Symbiosis	Claudio PRC - Topic	a9BsXLeB8j0
King Tubby's Special	King Tubby - Topic	5TK6D5NDcDw
Jah Guide	Peter Tosh	P2QRgQrw7jA
Chase The Devil	Max Romeo - Topic	5_U9wsBVvqU
Tommy McCook - Jamaica Bolero	dubkarlos	WeZe-aUB6VE
Prince Lincoln Thompson & The Royal Rasses - 21st Century	botanico2109	jNQ-5rLpW1M
Good Foundation	The Gladiators - Topic	ZRUs6TJc4RI
12'' Royal Rasses - Ain't Nobody Here But (& dub)	RasDashanSound	ahTr0iBpYIY
So Jah S'eh	Bob Marley	Lwr1PbXdEjk
The Viceroys - Love Is A Key	overstand87	s6ToQ_kr3D8
KEITH ROWE - Groovy Situation [1977]	Bionic Dub	wzkOv-bPwFo
War	Black Roots - Topic	vFfevH66Zhw
TWINKLE BROTHERS - Never Get Burn	Bionic Dub	lka4awAnubo
I Chase the Devil	Max Romeo - Topic	zM4HXY1cLIY
The Royal Rass-es - Kingston 11	Mystic Revelation	tWYx3vEXJBA
Valley Of Jehosaphat - Version	Max Romeo - Topic	0LkewkJasL8
DUB in the City /A38 ship/ Dubapest HiFi	Dubapest HiFi	1sNtgPw9vbk
Scientist vs The Professor - Dub Duel At King Tubby's	Mystic Revelation	iysU-uAG46A
Prince Jammy - Dub War Vol.1	Mystic Revelation	cgjCH6-hbkA
The Rass-Es Band - Harder Na Rass	Mystic Revelation	y8sA0_8R0n4
Manami | Deep Listening Set: Ambient & Ambient Dub	Shai Space	nSRXL7jAhKg
Symbol Of Reality	The Gladiators - Topic	_DUyY1gA5Qo
Ambush In The Night	Bob Marley	QRcJnjw9z3A
Lincoln Thompson - Mechanical Devices	Mythic Record	xxcZ-43c37E
Mala - Alicia	Dubstep Classics	zpV7radKuwo
Lee Perry at the Black Ark - 6hr Tribute Mix by Mikus	Mikus	EXP-kLP_CGQ
Thievery Corporation Strictly Reggae Dub Mix	djdeoca	-fNY7DTbyps
Johnny Clarke - Young Rebel	Mystic Revelation	Dmujamx8Hww
Heavy Dub Mix Vol. 2 - Golden age of Dub 1975-1983	GazeMeShoes	4__LAkJI74Q
Dj Gaggie strictly reggae vinyl set EXIT festival	Gaggie	KQ2lpkvz2ZU
Alpine Roots at the Controlls #4 Part 1	Alpine Roots Massive	pjwOJ4LYODo
Dub Vinyl You Won't Find On Spotify (PT.3)	Simma	YZg24xZDn-c
Prophecy Version	The Techniques All Stars - Topic	-vEXE5CbUtY
Alpine Roots at the Controlls #2	Alpine Roots Massive	oPzd9F_crz0
Junior English - Somewhere	reggaeukseventies	ffni26wbToU
Sky King Jack - Original	Jackie Mittoo - Topic	3RDDaCacjLo
Alpine Roots at the Controlls #1	Alpine Roots Massive	CQPWC0k7Euo
DJ Gaggie's selected 70's/80's Roots Reggae mix	jimi3b999	nRt_bdmY36g
Dennis Brown - Promised Land	Mystic Revelation	n3hdQoIF0m8
Burning Spear - Farover (Full Album)	Rasta Vibration	Em_g3bri9hU
Mixtape Roots Reggae Strictly Vinyl Part 1	Yi Mas Gan Records	ckShuDJDH7A
Mikey Dread - Roots And Culture	Mystic Revelation	0uozLcPoZOk
One Blood Records Mixtape 006 - Pulsar One	One Blood Records	m3ONm-PSqyE
Paul St. Hilaire - Little Way	Critical Ears	gUuxcPa38y8
Rizla Skank	Dillinger - Topic	G2Aw7x_oYPQ
Scientist - The Best Dub Album In The World	Koko roots	ZPDrlYDs7mI
Om Unit - Acid Dub Studies III (Full Album)	Om Unit	bSXDX99EQOA
Andre 3000 - Listening To The Sun	Andre 3000	2nOxSeBhQAA
[Psychedelic Space Dub, 1984] Dub Of Tomorrow (Full Album)	Tobi The Tobfunker	mj3IMyulJzk
Hard Time	Calman Scott - Topic	oyHTkBtyzKU
Intrusion - Staticwaves	Critical Ears	s7GigUws8bs
Intrusion - A Gentle Embrace [cv313 Rewire]	Critical Ears	Fq-aAyvmuvM
Bill Laswell - Shivamythscience	Altlemmyx	9s1Jyp4T2pI
Basic Channel - Quadrant Dub II - 1994	funbags82	ZLr52XxTfCc
DeepChord - dc14 - Side B	HD Mixtapes	skCcgSzvHs0
Deepchord - Untitled A1 [dc10]	sissinaelettronica	KjHk175RWuM
Radius - Ethersonic [cv313 Reshape]	Critical Ears	68l5-PP3sfc
Model 500 - Starlight (Intrusion Dub)	Critical Ears	wpyqR3nZ-2A
Sven Weisemann - Light Sway	Critical Ears	9OsmwIJt_Mk
cv313 - Dimensional [Echospace]	Critical Ears	ja-mdhH5lPk
Moritz Von Oswald Trio - Blue Dub	Critical Ears	YUIBD87b4sk
Rhythm & Sound - Imprint	Critical Ears	Aix_NOp2DNk
Rhythm & Sound - Imprint (2)	Critical Ears	1qvvGISqIEc
Rhythm & Sound - King In My Empire + King Version	Critical Ears	Damfih85wW8
Deepchord - dc10 B1 - Untitled [remastered]	Critical Ears	s2rNUt7ONa4
Sven Weisemann - Floating Dub	Critical Ears	Wcnk2z0_1LQ
Luke Hess & Omar S - Automatic Night	Critical Ears	XqT_HHKPiXw
cv313 - Subtraktive (Remastered)	Critical Ears	Tuy2hFY_IIw
Deadbeat - Teach The Devil's Son	Critical Ears	fWpWgfd_pjQ
High Tone - Fly To The Moon	Critical Ears	UjTAOGzCJhQ
Deadbeat - Hold on Strong (feat. Paul St. Hilaire)	Critical Ears	JpSVdA-fTrA
Bill Laswell Feat. Eraldo Bernocchi & 7 Tibetan Monks - Mun Pa	Critical Ears	544ISq9hBrw
Rhythm & Sound - Trace	Critical Ears	njEa6owjrA8
Deadbeat - Lazy Jane (Steppers Dub)	Critical Ears	RLmc_Kj0bqw
Sven Weisemann - Maori Octopus	Critical Ears	SSSIVJhg-7Q
Mark Ernestus - Dub Dafa Nekh	Critical Ears	ba9yOVQCcnQ
Rhythm & Sound - Ruff Way (Version)	Critical Ears	eOD8E94aZQ4
Rhythm & Sound - Queen Version	Critical Ears	eJ45tZIzPg8
cv313 - Baring Stars [live in ann arbor]	Critical Ears	yE_MDXRni8Q
Intrusion - Love In Lo-Fi	Critical Ears	nQ2YysJheLI
Sven Weisemann - Elution	Critical Ears	fV8_r053-lA
Pulshar - Nospheratu (Echospace Reduction)	Critical Ears	Kusx78kzoL4
Slam - Groovelock (Deepchord Centrum Remix)	Critical Ears	4IX-lRgyHLY
Moritz Von Oswald Trio - Blue	Critical Ears	w9JS8o-gd6w
Pablo Bolivar - Into The Televerse (Andy Stott Remix)	Critical Ears	xCyRWCDy5Es
Echo Inspectors - Forgiven	Critical Ears	AdDbkLUxI0s
Sascha Dive & Luke Hess - Into The Abbys	Critical Ears	SGC3ynf-5TY
Ovatow - A Thought	Critical Ears	QDggLj577Bg
DeepChord - Untitled (DC-11 B1)	foodope	g4sRraPYzhI
DeepChord - Untitled (DC-11 A side)	foodope	ad69ia5u0fQ
ARTSY DUB - 90 minutes of fine nonstop dubz	MUTUCA DUBZ	P2Lgi5D9n3I
Bob Marley Live Rehearsal (Full session) Tuff Gong	Rasta Vibe	PToutpbAphI
Bob Marley - Bass is Heavy	Shiro	M2p9sCnvp14
GAUDI - Psychedelic Future Dub (vol 1)	Gaudi Music	nYmYx5O2r1s
One Blood Records Mixtape 005 - Lioness Mathilda	One Blood Records	4syVgzw2e84
One Blood Records Mixtape 009 - Mo'Sounds	One Blood Records	Rhlb8_gYkao
Rockers Meets Jah Youth featuring Addis Pablo	Kingsland Records	6oAae4oAHUM
Roots Reggae Mix Cosmic Wind Sound HQ	Tablesaw	xA-uyLQykCY
Klaridub - Zip 6820 (10inch Version) [ESHU017]	Acidalia	zb9YgzSoEvo
NNS 013 | Roots Reggae & Dub | Afternoon Uprising Mix	Nonations STUDIO	NRZn21XuEBA
Ganja Dreams - High Hopes (1974) [Full Album]	Zaruret Records	steiEOp-e58
Errol Dunkley - A Little Way Different 12''	CruciallyRoots	5tTZFefNDGc
His Foundation - Prince David - Moa Anbessa	Dub Legend (King Louis)	eCFKpFu2D0c
I'N'I NAH & DUB - JAH MARNYAH (AMOUL-BAYI 12)	Rubadub Styleoriginal	sks9Bt9WdfQ
Jah Light	Release - Topic	vCP4nUlQleY
Gorgon Sound ft. Junior Dread - Rise	Beefdrink	VxXWJ_wO3ZE
Iration Steppas meets Dubplate K - Mistikal Warrior	Adonai Sounds	jEiGO5_F3FM
Rub A Dub Mixtape	Bless N' Mercy Sound	XSyudKi1hAs
Dub Vinyl You Won't Find On Spotify (PT.2)	Simma	737G8RpEJxo
Vinyl Mix Reggae Dub Steppa by Sista Zine	Mellow Sound Radio	HarckaDltZY
Don Carlos - Jah Light (Full Album)	Reggae2Reggae	Mj5SgEro1qM
Freddie McKay - In Times Of Trouble	Mystic Revelation	RxMcRCXc3_c
Calypso Rose - Calypso Blues	Calypso Rose	tPQ0PDi6m1k
Bob Marley - So Much Trouble In The World	Bob Marley	H78yhjo4m7U
Bob Marley - One Drop - Alternate (Extended Mix)	Sun Is Shining TV	ANRIiqnecoo
Dolphin Morris - Su-Su-Pan Rasta	Mystic Revelation	9AhwvDfK0v8
D.J.D. - The Good, The Bad and the Dubwise	Redleg's Roll	72y-uuu44OQ
Chronixx - Full Performance (Live on KEXP)	KEXP	APdyEKAuI-I
Bob Marley - Forever Loving Jah (Looped)	Sunshine Records	OmTOEdNyT6c
Bob Marley Jammin	Marco Caina	oFRbZJXjWIA
Brazilian Dub and Reggae with Dani Pimenta	MAJ	0RRdm15P2qs
All I Can Say	Release - Topic	Vkq5mOIUfSQ
Another Channel - Brother Love (Instrumental) [FDFDUBS03]	Electronic Love Collective	ynWTM25CECA
Another Channel - Brother Love feat. Prince Morella	Electronic Love Collective	o3wOeYqmaTA
AC55ID - Xenia (UA) | HOR Berlin	HOR BERLIN	Xwy1JsjkfXQ
Freddie McKay - I'm A Freeman	Mystic Revelation	dVG8hrVxtaw
Deep Percussive Dubstep & Dub 2004-2024 with Mia Koden	MAJ	gCDdRACWeso
Paolo Baldini DubFiles Ft. Hempress Sativa - Boom	Mellow Mood	j2ny3JhPn7U
Ghost Dubs - The Regulator	morfeus Opus	VyZqwo1n9XI
I-tal Rockers vol. 21	I-tal Corner	d3iupu4L-m4
I-tal Rockers vol. 41	I-tal Corner	mvMhNZndgXs
Evolution of dub chapter I: 70's style	Manolo Floyd	Xcfkd04pppc
Roots Reggae Mix - Vinyl Classics 1977-1979	Akashic Records Reggae	irIy74DYkck
Rare Rub A Dub & Early Dancehall Vinyl Selection	SoundGuy Bill	yu8ShH3GQFU
Mala | Boiler Room x Dommune x Technics SL-1200 50y	Boiler Room	fSPEAHfbUIo
Twinkle Brothers - Magnet & DJ Version (1981)	Reggae Fever	2zpIZ7Xdkf8
Bad Girl's Dub	Sly Robbie	OB9IkiHPj5Y
Bob Marley - Natural Mystic (Lyric Video)	Bob Marley	Gj9holHsi90
Pisando Descalco	Maneva	75wzR1s4GE4
Novo Dia - Ponto de Equilibrio part. The Congos	Ponto de Equilibrio	kQRHBoq3Xp4
Vladislav Delay - Solid As A Rock	Vladislav Delay Fans	5bUWRj_VyB8
Biodub - Hymewake	Dub Techno TV	Wz7sqHd6sw8
Babe Roots - Rawness (ZAMZAM59)	Babe Roots	pIeTr-NiQIM
Masis - No War Dub	DJ Geocel	-SazQKBkmg0
The Observatory	Globular & Geoglyph - Topic	XmyyB2oObo0
Twinkle Brothers - Faith Can Move Mountain	Mystic Revelation	f-8veNE0CX8
Tonto Irie - Every DJ	Mystics Sounds	rF_R41sJ3pw
Bunny General - Me A Don	Mystics Sounds	B2gxyrmpUcE
Madlib - 420 Chalice Allstars (2010) [Full Album]	Guacamole1000	EDfPZAZYBNU
HEAVY DUB SELECTION #7	Illegal Sound Club	JdwxaQzKe5M
Babe Roots - Jah Nuh Dead feat. Stephanie Wright	Babe Roots	AgTIiodbKsQ
Hugh Mundell - My Mind	Junior Frazao	2vtd97XK1s8
Pablo Gad - Blood Suckers (1979)	Rapid Eye Movement	ISIWjpRquGA
Earl Cunningham - African Man (A side)	Shaolin vibes	iYHdGOb4ksQ
Cultural Roots - Drift Away From Evil + Version	Shaolin vibes	RRgdBf9hnNQ
Twinkle Brothers - Jahovia + Dub Version	Shaolin vibes	oEH9JCZ4nTU
Mighty Cricket - Jah is so good + Dub Machinist	Shaolin vibes	fS4-f6LahxY
Pablo Gad - Kings of Kings + Lords of Lords Dubwise	Shaolin vibes	nrezorqGM78
Pablo Gad - Bloodsuckers	Reggae Dub Roots Good Vibes	YNZQSWyp05g
Reggae greats of the 1960/70s	SwordofKahless68	5f6MFNnUiR8
Clouds - Elders	Dubstep Classics	OoIigYQqFKg
Steve Gurley - Hotboys (Dub)	Dubstep Classics	ZRSUL--N2XI
Mala - Miracles	Dubstep Classics	0qjmxH92hjQ
Althea & Donna - Love One Another & Version (1978)	Rootswise	8iJ3qPrUVb0
VIVIAN JONES - One Of These Days - Dub Version	FyaGreen Reggae Music	LN2YJyxOzQ4
Sumac Dub meets The MauCals - One Thousand Layers [FULL ALBUM]	Sumac Dub	tojLkccUTP8
Vegyn - It's Nice To Be Alive	Vegyn	pWZlQHtAEKY
A2 Glorious Dub - Jah Shaka - Commandments Of Dub Pt 4	Roots and Dub Attic	-IlCwmNPkNE
Shakedown: Roots, Rocksteady and beyond with Ash Walker & GIN	MAJ	6B6KFou9uy8
Rhythms of Reggae from the 60s to 80s with Kaya M	MAJ	W9WxDqeOFvU
N. Briscoe & Stamma Ranks - Runstreet A Night [1990]	Mister J	cn0ak6JzKyA
Stanford Shirley - The System [333 - Ujama] 1987	Mister J	i_O0fiwwIEc
Danny Cane - Hell Ago Bore [Mervin]	Mister J	M3i4xTns-Rw
Deusa do amor (Ao vivo)	Olodum - Topic	N7BYmLHTN2s
Art-X & Nai-Jah - Just Stop (Music Video)	ODGProd	7i_oA2xt2IA
Sumac Dub - Norska [Full Album]	ODGProd	Hvh7fz2Mtrk
Panda Dub - Antilogy - Full Album	Panda Dub	8Q7c3RGmD54
King Tubby - Running over	Koko roots	KmSvBfBe3zM
Jah Warrior - They Say They Love Dub	morfeus Opus	hziVo72UC08
Roots Massive pt.9 (70s & early 80s)	Rootswise	43ll4CG5OO0
Ras Midas - Can't Stop Rasta Now	Trasimedia	88B65bLyvi4
Can't Stop Rastaman Now	Nan Lewis	ELWYvpE8Bvk
Bro. Valentino - Big Apple	Guillermo	IwV14Zdz7qU
Laid Back - Sunshine Reggae	laidbackofficial	R82XGJV_nkU
Jamming	Bob Marley	oChrqjPnBk8
Roots Train Reggae Mix 2	Ohm Records	JJe6Qf4636E
Bob Marley - I Shot The Sheriff (Studio)	MisterTigerwolf1	sG52YAe8Crg
The Wailing Wailers - Simmer Down	Nelson Reggae	7xo-BCAjMiM
Heavy Dub and Instrumentals	Tablesaw	vh9K4FI_fP0
Dub Vinyl You Won't Find On Spotify (PT.1)	Simma	ijac18hV7K4
King Tubby - THE HEAVIEST DUBS - DJ Mix	Mista Savona	DD8GIy-hNt8
Heavy Dub Mix Vol. 1 - 1975-1982	GazeMeShoes	jpyIxuAjZdg
Chaka Demus, Pliers - Murder She Wrote	Chaka Demus	2uiL5ewGP1w
HEAVY DUB SELECTION #9	Illegal Sound Club	GUMlxu2ZMrI
YABBY YOU - Deliver Me From My Enemies (Dub Plate Mix)	Bionic Dub	uVXlm4He6Mc
Jah Can Count On I - Roots Reggae Mix	Tablesaw	1RTKmIItSIY
Marcelinho Da Lua - Tranquilo	Deck	10PT_Ji8zOw
Lee Perry - Skanking With The Upsetter Rare Dubs 1971-1974	Reggae2Reggae	3hVwwH8TDco
Slow & Heavy Dub Volume 1 (Late 70s-Early 80s)	Dark Deep Red	CWkoJeiVOPY
Dub Hall of Fame - Roots Reggae Dub Mix	Tablesaw	XC4qz-lxPbw
King Shiloh - Dekmantel Festival 2019	Red Light Radio	PcIhYJCgUWM
Sumac Dub - Le Jardin de Lucy [Full Album]	ODGProd	Ljw5eJdO4kQ
Roots Reggae Mix Cosmic Wind Top Shelf	Tablesaw	4rsNNhoXtxc
Dub reggae	Taygan Strange	uajRtnnBPMU
--Roots Dub	Colin	Egt-V3MOCb8
reggae sofrencia	diogoV15	RdSwFMj4J8c
Roots	PIOJO479	clICcXzxM0w
dubselecta	Trikom710	3yvEeX-Yi3k
jackie mittoo drum song II	mmph	pd-d3DsFiz8
Reggae	Viajero Astral	J1hcm8k2MDM
run come rallu	Andrea Greco	YB4ksCk75F8
Exodus dub	Elliot Davies	JxEgBL0wAkc
Dub Riddims	Yoni Krispel	iqi6Xn5DQlQ
